0, 2013-03-01 01:10:01
1, 2013-03-01 01:20:01
2, 2013-03-01 01:30:01
3, 2013-03-01 01:40:01
4, 2013-03-01 01:50:01
5, 2013-03-01 02:00:01
6, 2013-03-01 02:10:01
7, 2013-03-01 02:20:01
8, 2013-03-01 02:30:01
9, 2013-03-01 02:40:01
10, 2013-03-01 02:50:01
11, 2013-03-01 03:00:01
12, 2013-03-01 03:10:01
13, 2013-03-01 03:20:01
14, 2013-03-01 03:30:01
15, 2013-03-01 03:40:01
16, 2013-03-01 03:50:01
17, 2013-03-01 04:00:01
18, 2013-03-01 04:10:01
19, 2013-03-01 04:20:01
20, 2013-03-01 04:30:01
21, 2013-03-01 04:40:02
22, 2013-03-01 04:50:01
23, 2013-03-01 05:00:01
24, 2013-03-01 05:10:01
25, 2013-03-01 05:20:01
26, 2013-03-01 05:30:01
27, 2013-03-01 05:40:01
28, 2013-03-01 05:50:01
29, 2013-03-01 06:00:02
30, 2013-03-01 06:10:01
31, 2013-03-01 06:20:01
32, 2013-03-01 06:30:01
33, 2013-03-01 06:40:01
34, 2013-03-01 06:50:01
35, 2013-03-01 07:00:01
36, 2013-03-01 07:10:01
37, 2013-03-01 07:20:01
38, 2013-03-01 07:30:01
39, 2013-03-01 07:40:01
40, 2013-03-01 07:50:01
41, 2013-03-01 08:00:01
42, 2013-03-01 08:10:01
43, 2013-03-01 08:20:01
44, 2013-03-01 08:30:01
45, 2013-03-01 08:40:01
46, 2013-03-01 08:50:01
47, 2013-03-01 09:00:01
48, 2013-03-01 09:10:01
49, 2013-03-01 09:20:01
50, 2013-03-01 09:30:01
51, 2013-03-01 09:40:01
52, 2013-03-01 09:50:01
53, 2013-03-01 10:00:01
54, 2013-03-01 10:10:01
55, 2013-03-01 10:20:01
56, 2013-03-01 10:30:01
57, 2013-03-01 10:40:01
58, 2013-03-01 10:50:01
59, 2013-03-01 11:00:01
60, 2013-03-01 11:10:02
61, 2013-03-01 11:20:01
62, 2013-03-01 11:30:01
63, 2013-03-01 11:40:01
64, 2013-03-01 11:50:01
65, 2013-03-01 12:00:01
66, 2013-03-01 12:10:01
67, 2013-03-01 12:20:01
68, 2013-03-01 12:30:02
69, 2013-03-01 12:40:01
70, 2013-03-01 12:50:01
71, 2013-03-01 13:00:01
72, 2013-03-01 13:10:01
73, 2013-03-01 13:20:01
74, 2013-03-01 13:30:01
75, 2013-03-01 13:40:01
76, 2013-03-01 13:50:01
77, 2013-03-01 14:00:01
78, 2013-03-01 14:10:01
79, 2013-03-01 14:20:01
80, 2013-03-01 14:30:02
81, 2013-03-01 14:40:01
82, 2013-03-01 14:50:01
83, 2013-03-01 15:00:01
84, 2013-03-01 15:10:01
85, 2013-03-01 15:20:01
86, 2013-03-01 15:30:01
87, 2013-03-01 15:40:01
88, 2013-03-01 15:50:01
89, 2013-03-01 16:00:01
90, 2013-03-01 16:10:01
91, 2013-03-01 16:20:01
92, 2013-03-01 16:30:01
93, 2013-03-01 16:40:01
94, 2013-03-01 16:50:01
95, 2013-03-01 17:00:01
96, 2013-03-01 17:10:01
97, 2013-03-01 17:20:01
98, 2013-03-01 17:30:01
99, 2013-03-01 17:40:01
100, 2013-03-01 17:50:01
101, 2013-03-01 18:00:01
102, 2013-03-01 18:10:01
103, 2013-03-01 18:20:01
104, 2013-03-01 18:30:01
105, 2013-03-01 18:40:01
106, 2013-03-01 18:50:01
107, 2013-03-01 19:00:01
108, 2013-03-01 19:10:01
109, 2013-03-01 19:20:01
110, 2013-03-01 19:30:01
111, 2013-03-01 19:40:01
112, 2013-03-01 19:50:01
113, 2013-03-01 20:00:01
114, 2013-03-01 20:10:01
115, 2013-03-01 20:20:01
116, 2013-03-01 20:30:02
117, 2013-03-01 20:40:01
118, 2013-03-01 20:50:02
119, 2013-03-01 21:00:01
120, 2013-03-01 21:10:01
121, 2013-03-01 21:20:01
122, 2013-03-01 21:30:01
123, 2013-03-01 21:40:01
124, 2013-03-01 21:50:01
125, 2013-03-01 22:00:01
126, 2013-03-01 22:10:01
127, 2013-03-01 22:20:01
128, 2013-03-01 22:30:01
129, 2013-03-01 22:40:01
130, 2013-03-01 22:50:01
131, 2013-03-01 23:00:01
132, 2013-03-01 23:10:01
133, 2013-03-01 23:20:01
134, 2013-03-01 23:30:01
135, 2013-03-01 23:40:01
136, 2013-03-01 23:50:01
137, 2013-03-02 00:00:01
138, 2013-03-02 00:10:01
139, 2013-03-02 00:20:01
140, 2013-03-02 00:30:01
141, 2013-03-02 00:40:01
142, 2013-03-02 00:50:01
143, 2013-03-02 01:00:01
144, 2013-03-02 01:10:01
145, 2013-03-02 01:20:01
146, 2013-03-02 01:30:01
147, 2013-03-02 01:40:01
148, 2013-03-02 01:50:01
149, 2013-03-02 02:00:01
150, 2013-03-02 02:10:01
151, 2013-03-02 02:20:01
152, 2013-03-02 02:30:01
153, 2013-03-02 02:40:01
154, 2013-03-02 02:50:01
155, 2013-03-02 03:00:01
156, 2013-03-02 03:10:01
157, 2013-03-02 03:20:01
158, 2013-03-02 03:30:01
159, 2013-03-02 03:40:01
160, 2013-03-02 03:50:01
161, 2013-03-02 04:00:01
162, 2013-03-02 04:10:01
163, 2013-03-02 04:20:01
164, 2013-03-02 04:30:01
165, 2013-03-02 04:40:01
166, 2013-03-02 04:50:01
167, 2013-03-02 05:00:01
168, 2013-03-02 05:10:01
169, 2013-03-02 05:20:01
170, 2013-03-02 05:30:01
171, 2013-03-02 05:40:01
172, 2013-03-02 05:50:01
173, 2013-03-02 06:00:01
174, 2013-03-02 06:10:01
175, 2013-03-02 06:20:01
176, 2013-03-02 06:30:01
177, 2013-03-02 06:40:01
178, 2013-03-02 06:50:01
179, 2013-03-02 07:00:01
180, 2013-03-02 07:10:01
181, 2013-03-02 07:20:01
182, 2013-03-02 07:30:01
183, 2013-03-02 07:40:01
184, 2013-03-02 07:50:01
185, 2013-03-02 08:00:01
186, 2013-03-02 08:10:01
187, 2013-03-02 08:20:01
188, 2013-03-02 08:30:01
189, 2013-03-02 08:40:01
190, 2013-03-02 08:50:01
191, 2013-03-02 09:00:01
192, 2013-03-02 09:10:01
193, 2013-03-02 09:20:01
194, 2013-03-02 09:30:01
195, 2013-03-02 09:40:01
196, 2013-03-02 09:50:01
197, 2013-03-02 10:00:01
198, 2013-03-02 10:10:01
199, 2013-03-02 10:20:01
200, 2013-03-02 10:30:01
201, 2013-03-02 10:40:01
202, 2013-03-02 10:50:01
203, 2013-03-02 11:00:01
204, 2013-03-02 11:10:01
205, 2013-03-02 11:20:01
206, 2013-03-02 11:30:01
207, 2013-03-02 11:40:01
208, 2013-03-02 11:50:01
209, 2013-03-02 12:00:01
210, 2013-03-02 12:10:01
211, 2013-03-02 12:20:01
212, 2013-03-02 12:30:01
213, 2013-03-02 12:40:01
214, 2013-03-02 12:50:01
215, 2013-03-02 13:00:01
216, 2013-03-02 13:10:01
217, 2013-03-02 13:20:01
218, 2013-03-02 13:30:01
219, 2013-03-02 13:40:01
220, 2013-03-02 13:50:01
221, 2013-03-02 14:00:01
222, 2013-03-02 14:10:01
223, 2013-03-02 14:20:01
224, 2013-03-02 14:30:01
225, 2013-03-02 14:40:01
226, 2013-03-02 14:50:01
227, 2013-03-02 15:00:01
228, 2013-03-02 15:10:01
229, 2013-03-02 15:20:01
230, 2013-03-02 15:30:01
231, 2013-03-02 15:40:02
232, 2013-03-02 15:50:01
233, 2013-03-02 16:00:01
234, 2013-03-02 16:10:01
235, 2013-03-02 16:20:01
236, 2013-03-02 16:30:02
237, 2013-03-02 16:40:01
238, 2013-03-02 16:50:01
239, 2013-03-02 17:00:01
240, 2013-03-02 17:10:01
241, 2013-03-02 17:20:01
242, 2013-03-02 17:30:01
243, 2013-03-02 17:40:01
244, 2013-03-02 17:50:01
245, 2013-03-02 18:00:01
246, 2013-03-02 18:10:01
247, 2013-03-02 18:20:01
248, 2013-03-02 18:30:01
249, 2013-03-02 18:40:01
250, 2013-03-02 18:50:01
251, 2013-03-02 19:00:01
252, 2013-03-02 19:10:01
253, 2013-03-02 19:20:01
254, 2013-03-02 19:30:01
255, 2013-03-02 19:40:01
256, 2013-03-02 19:50:01
257, 2013-03-02 20:00:01
258, 2013-03-02 20:10:01
259, 2013-03-02 20:20:01
260, 2013-03-02 20:30:01
261, 2013-03-02 20:40:01
262, 2013-03-02 20:50:01
263, 2013-03-02 21:00:01
264, 2013-03-02 21:10:01
265, 2013-03-02 21:20:01
266, 2013-03-02 21:30:01
267, 2013-03-02 21:40:01
268, 2013-03-02 21:50:01
269, 2013-03-02 22:00:01
270, 2013-03-02 22:10:01
271, 2013-03-02 22:20:01
272, 2013-03-02 22:30:02
273, 2013-03-02 22:40:01
274, 2013-03-02 22:50:01
275, 2013-03-02 23:00:01
276, 2013-03-02 23:10:01
277, 2013-03-02 23:20:01
278, 2013-03-02 23:30:01
279, 2013-03-02 23:40:01
280, 2013-03-02 23:50:01
281, 2013-03-03 00:00:01
282, 2013-03-03 00:10:01
283, 2013-03-03 00:20:01
284, 2013-03-03 00:30:01
285, 2013-03-03 00:40:01
286, 2013-03-03 00:50:01
287, 2013-03-03 01:00:01
288, 2013-03-03 01:10:01
289, 2013-03-03 01:20:01
290, 2013-03-03 01:30:01
291, 2013-03-03 01:40:01
292, 2013-03-03 01:50:01
293, 2013-03-03 02:00:02
294, 2013-03-03 02:10:01
295, 2013-03-03 02:20:01
296, 2013-03-03 02:30:01
297, 2013-03-03 02:40:01
298, 2013-03-03 02:50:01
299, 2013-03-03 03:00:01
300, 2013-03-03 03:10:01
301, 2013-03-03 03:20:01
302, 2013-03-03 03:30:01
303, 2013-03-03 03:40:01
304, 2013-03-03 03:50:01
305, 2013-03-03 04:00:01
306, 2013-03-03 04:10:01
307, 2013-03-03 04:20:01
308, 2013-03-03 04:30:01
309, 2013-03-03 04:40:01
310, 2013-03-03 04:50:01
311, 2013-03-03 05:00:01
312, 2013-03-03 05:10:01
313, 2013-03-03 05:20:01
314, 2013-03-03 05:30:01
315, 2013-03-03 05:40:01
316, 2013-03-03 05:50:01
317, 2013-03-03 06:00:01
318, 2013-03-03 06:10:01
319, 2013-03-03 06:20:01
320, 2013-03-03 06:30:01
321, 2013-03-03 06:40:01
322, 2013-03-03 06:50:01
323, 2013-03-03 07:00:01
324, 2013-03-03 07:10:01
325, 2013-03-03 07:20:01
326, 2013-03-03 07:30:01
327, 2013-03-03 07:40:01
328, 2013-03-03 07:50:01
329, 2013-03-03 08:00:01
330, 2013-03-03 08:10:01
331, 2013-03-03 08:20:01
332, 2013-03-03 08:30:01
333, 2013-03-03 08:40:01
334, 2013-03-03 08:50:02
335, 2013-03-03 09:00:01
336, 2013-03-03 09:10:01
337, 2013-03-03 09:20:01
338, 2013-03-03 09:30:01
339, 2013-03-03 09:40:01
340, 2013-03-03 09:50:01
341, 2013-03-03 10:00:01
342, 2013-03-03 10:10:01
343, 2013-03-03 10:20:01
344, 2013-03-03 10:30:01
345, 2013-03-03 10:40:01
346, 2013-03-03 10:50:01
347, 2013-03-03 11:00:01
348, 2013-03-03 11:10:01
349, 2013-03-03 11:20:01
350, 2013-03-03 11:30:01
351, 2013-03-03 11:40:01
352, 2013-03-03 11:50:01
353, 2013-03-03 12:00:01
354, 2013-03-03 12:10:01
355, 2013-03-03 12:20:01
356, 2013-03-03 12:30:01
357, 2013-03-03 12:40:01
358, 2013-03-03 12:50:01
359, 2013-03-03 13:00:01
360, 2013-03-03 13:10:01
361, 2013-03-03 13:20:01
362, 2013-03-03 13:30:01
363, 2013-03-03 13:40:01
364, 2013-03-03 13:50:01
365, 2013-03-03 14:00:01
366, 2013-03-03 14:10:01
367, 2013-03-03 14:20:01
368, 2013-03-03 14:30:01
369, 2013-03-03 14:40:02
370, 2013-03-03 14:50:01
371, 2013-03-03 15:00:01
372, 2013-03-03 15:10:01
373, 2013-03-03 15:20:01
374, 2013-03-03 15:30:01
375, 2013-03-03 15:40:01
376, 2013-03-03 15:50:01
377, 2013-03-03 16:00:01
378, 2013-03-03 16:10:01
379, 2013-03-03 16:20:01
380, 2013-03-03 16:30:01
381, 2013-03-03 16:40:01
382, 2013-03-03 16:50:01
383, 2013-03-03 17:00:01
384, 2013-03-03 17:10:01
385, 2013-03-03 17:20:01
386, 2013-03-03 17:30:01
387, 2013-03-03 17:40:01
388, 2013-03-03 17:50:01
389, 2013-03-03 18:00:01
390, 2013-03-03 18:10:01
391, 2013-03-03 18:20:01
392, 2013-03-03 18:30:02
393, 2013-03-03 18:40:01
394, 2013-03-03 18:50:01
395, 2013-03-03 19:00:01
396, 2013-03-03 19:10:01
397, 2013-03-03 19:20:01
398, 2013-03-03 19:30:02
399, 2013-03-03 19:40:01
400, 2013-03-03 19:50:01
401, 2013-03-03 20:00:01
402, 2013-03-03 20:10:02
403, 2013-03-03 20:20:01
404, 2013-03-03 20:30:01
405, 2013-03-03 20:40:01
406, 2013-03-03 20:50:01
407, 2013-03-03 21:00:01
408, 2013-03-03 21:10:01
409, 2013-03-03 21:20:01
410, 2013-03-03 21:30:02
411, 2013-03-03 21:40:01
412, 2013-03-03 21:50:01
413, 2013-03-03 22:00:01
414, 2013-03-03 22:10:01
415, 2013-03-03 22:20:01
416, 2013-03-03 22:30:01
417, 2013-03-03 22:40:01
418, 2013-03-03 22:50:01
419, 2013-03-03 23:00:01
420, 2013-03-03 23:10:01
421, 2013-03-03 23:20:01
422, 2013-03-03 23:30:01
423, 2013-03-03 23:40:01
424, 2013-03-03 23:50:01
425, 2013-03-04 00:00:02
426, 2013-03-04 00:10:01
427, 2013-03-04 00:20:01
428, 2013-03-04 00:30:01
429, 2013-03-04 00:40:01
430, 2013-03-04 00:50:01
431, 2013-03-04 01:00:01
432, 2013-03-04 01:10:02
433, 2013-03-04 01:20:01
434, 2013-03-04 01:30:01
435, 2013-03-04 01:40:01
436, 2013-03-04 01:50:01
437, 2013-03-04 02:00:01
438, 2013-03-04 02:10:01
439, 2013-03-04 02:20:01
440, 2013-03-04 02:30:01
441, 2013-03-04 02:40:01
442, 2013-03-04 02:50:01
443, 2013-03-04 03:00:01
444, 2013-03-04 03:10:02
445, 2013-03-04 03:20:01
446, 2013-03-04 03:30:01
447, 2013-03-04 03:40:01
448, 2013-03-04 03:50:01
449, 2013-03-04 04:00:01
450, 2013-03-04 04:10:01
451, 2013-03-04 04:20:01
452, 2013-03-04 04:30:01
453, 2013-03-04 04:40:01
454, 2013-03-04 04:50:01
455, 2013-03-04 05:00:01
456, 2013-03-04 05:10:01
457, 2013-03-04 05:20:01
458, 2013-03-04 05:30:01
459, 2013-03-04 05:40:01
460, 2013-03-04 05:50:01
461, 2013-03-04 06:00:01
462, 2013-03-04 06:10:01
463, 2013-03-04 06:20:01
464, 2013-03-04 06:30:01
465, 2013-03-04 06:40:01
466, 2013-03-04 06:50:01
467, 2013-03-04 07:00:01
468, 2013-03-04 07:10:01
469, 2013-03-04 07:20:01
470, 2013-03-04 07:30:01
471, 2013-03-04 07:40:01
472, 2013-03-04 07:50:01
473, 2013-03-04 08:00:01
474, 2013-03-04 08:10:01
475, 2013-03-04 08:20:01
476, 2013-03-04 08:30:01
477, 2013-03-04 08:40:01
478, 2013-03-04 08:50:01
479, 2013-03-04 09:00:01
480, 2013-03-04 09:10:01
481, 2013-03-04 09:20:01
482, 2013-03-04 09:30:01
483, 2013-03-04 09:40:01
484, 2013-03-04 09:50:01
485, 2013-03-04 10:00:01
486, 2013-03-04 10:10:01
487, 2013-03-04 10:20:01
488, 2013-03-04 10:30:01
489, 2013-03-04 10:40:01
490, 2013-03-04 10:50:01
491, 2013-03-04 11:00:01
492, 2013-03-04 11:10:01
493, 2013-03-04 11:20:01
494, 2013-03-04 11:30:01
495, 2013-03-04 11:40:01
496, 2013-03-04 11:50:01
497, 2013-03-04 12:00:01
498, 2013-03-04 12:10:01
499, 2013-03-04 12:20:01
500, 2013-03-04 12:30:01
501, 2013-03-04 12:40:01
502, 2013-03-04 12:50:01
503, 2013-03-04 13:00:01
504, 2013-03-04 13:10:01
505, 2013-03-04 13:20:01
506, 2013-03-04 13:30:01
507, 2013-03-04 13:40:01
508, 2013-03-04 13:50:01
509, 2013-03-04 14:00:01
510, 2013-03-04 14:10:01
511, 2013-03-04 14:20:01
512, 2013-03-04 14:30:02
513, 2013-03-04 14:40:01
514, 2013-03-04 14:50:01
515, 2013-03-04 15:00:01
516, 2013-03-04 15:10:01
517, 2013-03-04 15:20:01
518, 2013-03-04 15:30:01
519, 2013-03-04 15:40:02
520, 2013-03-04 15:50:01
521, 2013-03-04 16:00:01
522, 2013-03-04 16:10:01
523, 2013-03-04 16:20:01
524, 2013-03-04 16:30:01
525, 2013-03-04 16:40:01
526, 2013-03-04 16:50:01
527, 2013-03-04 17:00:01
528, 2013-03-04 17:10:01
529, 2013-03-04 17:20:01
530, 2013-03-04 17:30:01
531, 2013-03-04 17:40:01
532, 2013-03-04 17:50:01
533, 2013-03-04 18:00:01
534, 2013-03-04 18:10:01
535, 2013-03-04 18:20:02
536, 2013-03-04 18:30:01
537, 2013-03-04 18:40:01
538, 2013-03-04 18:50:01
539, 2013-03-04 19:00:01
540, 2013-03-04 19:10:01
541, 2013-03-04 19:20:01
542, 2013-03-04 19:30:01
543, 2013-03-04 19:40:01
544, 2013-03-04 19:50:01
545, 2013-03-04 20:00:01
546, 2013-03-04 20:10:01
547, 2013-03-04 20:20:01
548, 2013-03-04 20:30:01
549, 2013-03-04 20:40:01
550, 2013-03-04 20:50:01
551, 2013-03-04 21:00:01
552, 2013-03-04 21:10:01
553, 2013-03-04 21:20:01
554, 2013-03-04 21:30:01
555, 2013-03-04 21:40:01
556, 2013-03-04 21:50:01
557, 2013-03-04 22:00:01
558, 2013-03-04 22:10:01
559, 2013-03-04 22:20:01
560, 2013-03-04 22:30:01
561, 2013-03-04 22:40:01
562, 2013-03-04 22:50:01
563, 2013-03-04 23:00:01
564, 2013-03-04 23:10:01
565, 2013-03-04 23:20:01
566, 2013-03-04 23:30:01
567, 2013-03-04 23:40:01
568, 2013-03-04 23:50:02
569, 2013-03-05 00:00:01
570, 2013-03-05 00:10:01
571, 2013-03-05 00:20:01
572, 2013-03-05 00:30:01
573, 2013-03-05 00:40:01
574, 2013-03-05 00:50:02
575, 2013-03-05 01:00:01
576, 2013-03-05 01:10:01
577, 2013-03-05 01:20:01
578, 2013-03-05 01:30:01
579, 2013-03-05 01:40:01
580, 2013-03-05 01:50:01
581, 2013-03-05 02:00:01
582, 2013-03-05 02:10:01
583, 2013-03-05 02:20:01
584, 2013-03-05 02:30:01
585, 2013-03-05 02:40:02
586, 2013-03-05 02:50:01
587, 2013-03-05 03:00:01
588, 2013-03-05 03:10:01
589, 2013-03-05 03:20:01
590, 2013-03-05 03:30:01
591, 2013-03-05 03:40:01
592, 2013-03-05 03:50:01
593, 2013-03-05 04:00:02
594, 2013-03-05 04:10:01
595, 2013-03-05 04:20:01
596, 2013-03-05 04:30:01
597, 2013-03-05 04:40:01
598, 2013-03-05 04:50:01
599, 2013-03-05 05:00:02
600, 2013-03-05 05:10:01
601, 2013-03-05 05:20:01
602, 2013-03-05 05:30:01
603, 2013-03-05 05:40:01
604, 2013-03-05 05:50:01
605, 2013-03-05 06:00:01
606, 2013-03-05 06:10:01
607, 2013-03-05 06:20:01
608, 2013-03-05 06:30:01
609, 2013-03-05 06:40:01
610, 2013-03-05 06:50:01
611, 2013-03-05 07:00:01
612, 2013-03-05 07:10:01
613, 2013-03-05 07:20:01
614, 2013-03-05 07:30:01
615, 2013-03-05 07:40:02
616, 2013-03-05 07:50:01
617, 2013-03-05 08:00:01
618, 2013-03-05 08:10:01
619, 2013-03-05 08:20:01
620, 2013-03-05 08:30:01
621, 2013-03-05 08:40:01
622, 2013-03-05 08:50:01
623, 2013-03-05 09:00:01
624, 2013-03-05 09:10:01
625, 2013-03-05 09:20:01
626, 2013-03-05 09:30:01
627, 2013-03-05 09:40:01
628, 2013-03-05 09:50:01
629, 2013-03-05 10:00:01
630, 2013-03-05 10:10:01
631, 2013-03-05 10:20:01
632, 2013-03-05 10:30:01
633, 2013-03-05 10:40:01
634, 2013-03-05 10:50:01
635, 2013-03-05 11:00:01
636, 2013-03-05 11:10:01
637, 2013-03-05 11:20:01
638, 2013-03-05 11:30:01
639, 2013-03-05 11:40:01
640, 2013-03-05 11:50:01
641, 2013-03-05 12:00:01
642, 2013-03-05 12:10:01
643, 2013-03-05 12:20:01
644, 2013-03-05 12:30:01
645, 2013-03-05 12:40:01
646, 2013-03-05 12:50:01
647, 2013-03-05 13:00:01
648, 2013-03-05 13:10:01
649, 2013-03-05 13:20:01
650, 2013-03-05 13:30:01
651, 2013-03-05 13:40:01
652, 2013-03-05 13:50:01
653, 2013-03-05 14:00:01
654, 2013-03-05 14:10:01
655, 2013-03-05 14:20:01
656, 2013-03-05 14:30:02
657, 2013-03-05 14:40:01
658, 2013-03-05 14:50:01
659, 2013-03-05 15:00:01
660, 2013-03-05 15:10:01
661, 2013-03-05 15:20:01
662, 2013-03-05 15:30:01
663, 2013-03-05 15:40:01
664, 2013-03-05 15:50:01
665, 2013-03-05 16:00:01
666, 2013-03-05 16:10:01
667, 2013-03-05 16:20:01
668, 2013-03-05 16:30:02
669, 2013-03-05 16:40:01
670, 2013-03-05 16:50:01
671, 2013-03-05 17:00:01
672, 2013-03-05 17:10:01
673, 2013-03-05 17:20:01
674, 2013-03-05 17:30:02
675, 2013-03-05 17:40:01
676, 2013-03-05 17:50:01
677, 2013-03-05 18:00:01
678, 2013-03-05 18:10:01
679, 2013-03-05 18:20:01
680, 2013-03-05 18:30:01
681, 2013-03-05 18:40:01
682, 2013-03-05 18:50:01
683, 2013-03-05 19:00:01
684, 2013-03-05 19:10:01
685, 2013-03-05 19:20:01
686, 2013-03-05 19:30:01
687, 2013-03-05 19:40:01
688, 2013-03-05 19:50:01
689, 2013-03-05 20:00:01
690, 2013-03-05 20:10:01
691, 2013-03-05 20:20:01
692, 2013-03-05 20:30:01
693, 2013-03-05 20:40:01
694, 2013-03-05 20:50:01
695, 2013-03-05 21:00:01
696, 2013-03-05 21:10:01
697, 2013-03-05 21:20:01
698, 2013-03-05 21:30:01
699, 2013-03-05 21:40:01
700, 2013-03-05 21:50:01
701, 2013-03-05 22:00:01
702, 2013-03-05 22:10:01
703, 2013-03-05 22:20:01
704, 2013-03-05 22:30:01
705, 2013-03-05 22:40:01
706, 2013-03-05 22:50:01
707, 2013-03-05 23:00:01
708, 2013-03-05 23:10:01
709, 2013-03-05 23:20:01
710, 2013-03-05 23:30:01
711, 2013-03-05 23:40:01
712, 2013-03-05 23:50:01
713, 2013-03-06 00:00:01
714, 2013-03-06 00:10:01
715, 2013-03-06 00:20:01
716, 2013-03-06 00:30:01
717, 2013-03-06 00:40:01
718, 2013-03-06 00:50:01
719, 2013-03-06 01:00:01
720, 2013-03-06 01:10:01
721, 2013-03-06 01:20:01
722, 2013-03-06 01:30:01
723, 2013-03-06 01:40:01
724, 2013-03-06 01:50:01
725, 2013-03-06 02:00:01
726, 2013-03-06 02:10:01
727, 2013-03-06 02:20:01
728, 2013-03-06 02:30:01
729, 2013-03-06 02:40:01
730, 2013-03-06 02:50:01
731, 2013-03-06 03:00:01
732, 2013-03-06 03:10:01
733, 2013-03-06 03:20:01
734, 2013-03-06 03:30:01
735, 2013-03-06 03:40:01
736, 2013-03-06 03:50:01
737, 2013-03-06 04:00:01
738, 2013-03-06 04:10:02
739, 2013-03-06 04:20:01
740, 2013-03-06 04:30:01
741, 2013-03-06 04:40:01
742, 2013-03-06 04:50:01
743, 2013-03-06 05:00:01
744, 2013-03-06 05:10:01
745, 2013-03-06 05:20:01
746, 2013-03-06 05:30:01
747, 2013-03-06 05:40:01
748, 2013-03-06 05:50:01
749, 2013-03-06 06:00:01
750, 2013-03-06 06:10:01
751, 2013-03-06 06:20:01
752, 2013-03-06 06:30:01
753, 2013-03-06 06:40:02
754, 2013-03-06 06:50:01
755, 2013-03-06 07:00:01
756, 2013-03-06 07:10:01
757, 2013-03-06 07:20:01
758, 2013-03-06 07:30:01
759, 2013-03-06 07:40:01
760, 2013-03-06 07:50:01
761, 2013-03-06 08:00:01
762, 2013-03-06 08:10:01
763, 2013-03-06 08:20:01
764, 2013-03-06 08:30:01
765, 2013-03-06 08:40:02
766, 2013-03-06 08:50:01
767, 2013-03-06 09:00:02
768, 2013-03-06 09:10:01
769, 2013-03-06 09:20:01
770, 2013-03-06 09:30:02
771, 2013-03-06 09:40:01
772, 2013-03-06 09:50:01
773, 2013-03-06 10:00:01
774, 2013-03-06 10:10:01
775, 2013-03-06 10:20:01
776, 2013-03-06 10:30:01
777, 2013-03-06 10:40:01
778, 2013-03-06 10:50:01
779, 2013-03-06 11:00:02
780, 2013-03-06 11:10:01
781, 2013-03-06 11:20:01
782, 2013-03-06 11:30:01
783, 2013-03-06 11:40:01
784, 2013-03-06 11:50:01
785, 2013-03-06 12:00:01
786, 2013-03-06 12:10:01
787, 2013-03-06 12:20:02
788, 2013-03-06 12:30:01
789, 2013-03-06 12:40:01
790, 2013-03-06 12:50:02
791, 2013-03-06 13:00:01
792, 2013-03-06 13:10:01
793, 2013-03-06 13:20:01
794, 2013-03-06 13:30:01
795, 2013-03-06 13:40:01
796, 2013-03-06 13:50:01
797, 2013-03-06 14:00:01
798, 2013-03-06 14:10:01
799, 2013-03-06 14:20:01
800, 2013-03-06 14:30:02
801, 2013-03-06 14:40:01
802, 2013-03-06 14:50:01
803, 2013-03-06 15:00:01
804, 2013-03-06 15:10:01
805, 2013-03-06 15:20:01
806, 2013-03-06 15:30:01
807, 2013-03-06 15:40:01
808, 2013-03-06 15:50:01
809, 2013-03-06 16:00:01
810, 2013-03-06 16:10:01
811, 2013-03-06 16:20:01
812, 2013-03-06 16:30:01
813, 2013-03-06 16:40:01
814, 2013-03-06 16:50:01
815, 2013-03-06 17:00:01
816, 2013-03-06 17:10:01
817, 2013-03-06 17:20:01
818, 2013-03-06 17:30:02
819, 2013-03-06 17:40:01
820, 2013-03-06 17:50:01
821, 2013-03-06 18:00:01
822, 2013-03-06 18:10:01
823, 2013-03-06 18:20:01
824, 2013-03-06 18:30:01
825, 2013-03-06 18:40:01
826, 2013-03-06 18:50:01
827, 2013-03-06 19:00:01
828, 2013-03-06 19:10:01
829, 2013-03-06 19:20:01
830, 2013-03-06 19:30:01
831, 2013-03-06 19:40:01
832, 2013-03-06 19:50:01
833, 2013-03-06 20:00:01
834, 2013-03-06 20:10:01
835, 2013-03-06 20:20:01
836, 2013-03-06 20:30:01
837, 2013-03-06 20:40:01
838, 2013-03-06 20:50:01
839, 2013-03-06 21:00:01
840, 2013-03-06 21:10:01
841, 2013-03-06 21:20:01
842, 2013-03-06 21:30:01
843, 2013-03-06 21:40:01
844, 2013-03-06 21:50:01
845, 2013-03-06 22:00:02
846, 2013-03-06 22:10:01
847, 2013-03-06 22:20:01
848, 2013-03-06 22:30:01
849, 2013-03-06 22:40:01
850, 2013-03-06 22:50:01
851, 2013-03-06 23:00:01
852, 2013-03-06 23:10:01
853, 2013-03-06 23:20:01
854, 2013-03-06 23:30:01
855, 2013-03-06 23:40:01
856, 2013-03-06 23:50:01
857, 2013-03-07 00:00:01
858, 2013-03-07 00:10:01
859, 2013-03-07 00:20:01
860, 2013-03-07 00:30:01
861, 2013-03-07 00:40:01
862, 2013-03-07 00:50:01
863, 2013-03-07 01:00:01
864, 2013-03-07 01:10:01
865, 2013-03-07 01:20:01
866, 2013-03-07 01:30:01
867, 2013-03-07 01:40:01
868, 2013-03-07 01:50:01
869, 2013-03-07 02:00:01
870, 2013-03-07 02:10:01
871, 2013-03-07 02:20:01
872, 2013-03-07 02:30:01
873, 2013-03-07 02:40:01
874, 2013-03-07 02:50:01
875, 2013-03-07 03:00:01
876, 2013-03-07 03:10:01
877, 2013-03-07 03:20:01
878, 2013-03-07 03:30:01
879, 2013-03-07 03:40:02
880, 2013-03-07 03:50:01
881, 2013-03-07 04:00:01
882, 2013-03-07 04:10:01
883, 2013-03-07 04:20:01
884, 2013-03-07 04:30:01
885, 2013-03-07 04:40:01
886, 2013-03-07 04:50:01
887, 2013-03-07 05:00:01
888, 2013-03-07 05:10:01
889, 2013-03-07 05:20:02
890, 2013-03-07 05:30:01
891, 2013-03-07 05:40:01
892, 2013-03-07 05:50:01
893, 2013-03-07 06:00:02
894, 2013-03-07 06:10:01
895, 2013-03-07 06:20:01
896, 2013-03-07 06:30:01
897, 2013-03-07 06:40:01
898, 2013-03-07 06:50:01
899, 2013-03-07 07:00:01
900, 2013-03-07 07:10:01
901, 2013-03-07 07:20:01
902, 2013-03-07 07:30:02
903, 2013-03-07 07:40:01
904, 2013-03-07 07:50:01
905, 2013-03-07 08:00:01
906, 2013-03-07 08:10:01
907, 2013-03-07 08:20:01
908, 2013-03-07 08:30:01
909, 2013-03-07 08:40:01
910, 2013-03-07 08:50:01
911, 2013-03-07 09:00:01
912, 2013-03-07 09:10:01
913, 2013-03-07 09:20:01
914, 2013-03-07 09:30:01
915, 2013-03-07 09:40:01
916, 2013-03-07 09:50:01
917, 2013-03-07 10:00:01
918, 2013-03-07 10:10:01
919, 2013-03-07 10:20:01
920, 2013-03-07 10:30:01
921, 2013-03-07 10:40:01
922, 2013-03-07 10:50:01
923, 2013-03-07 11:00:01
924, 2013-03-07 11:10:01
925, 2013-03-07 11:20:01
926, 2013-03-07 11:30:01
927, 2013-03-07 11:40:01
928, 2013-03-07 11:50:01
929, 2013-03-07 12:00:01
930, 2013-03-07 12:10:01
931, 2013-03-07 12:20:01
932, 2013-03-07 12:30:01
933, 2013-03-07 12:40:01
934, 2013-03-07 12:50:01
935, 2013-03-07 13:00:02
936, 2013-03-07 13:10:01
937, 2013-03-07 13:20:01
938, 2013-03-07 13:30:01
939, 2013-03-07 13:40:01
940, 2013-03-07 13:50:01
941, 2013-03-07 14:00:01
942, 2013-03-07 14:10:01
943, 2013-03-07 14:20:01
944, 2013-03-07 14:30:01
945, 2013-03-07 14:40:01
946, 2013-03-07 14:50:01
947, 2013-03-07 15:00:01
948, 2013-03-07 15:10:01
949, 2013-03-07 15:20:01
950, 2013-03-07 15:30:02
951, 2013-03-07 15:40:01
952, 2013-03-07 15:50:01
953, 2013-03-07 16:00:01
954, 2013-03-07 16:10:01
955, 2013-03-07 16:20:01
956, 2013-03-07 16:30:01
957, 2013-03-07 16:40:01
958, 2013-03-07 16:50:01
959, 2013-03-07 17:00:01
960, 2013-03-07 17:10:01
961, 2013-03-07 17:20:01
962, 2013-03-07 17:30:01
963, 2013-03-07 17:40:01
964, 2013-03-07 17:50:01
965, 2013-03-07 18:00:01
966, 2013-03-07 18:10:01
967, 2013-03-07 18:20:01
968, 2013-03-07 18:30:01
969, 2013-03-07 18:40:01
970, 2013-03-07 18:50:01
971, 2013-03-07 19:00:01
972, 2013-03-07 19:10:01
973, 2013-03-07 19:20:01
974, 2013-03-07 19:30:01
975, 2013-03-07 19:40:01
976, 2013-03-07 19:50:01
977, 2013-03-07 20:00:01
978, 2013-03-07 20:10:01
979, 2013-03-07 20:20:01
980, 2013-03-07 20:30:02
981, 2013-03-07 20:40:01
982, 2013-03-07 20:50:01
983, 2013-03-07 21:00:01
984, 2013-03-07 21:10:01
985, 2013-03-07 21:20:01
986, 2013-03-07 21:30:01
987, 2013-03-07 21:40:01
988, 2013-03-07 21:50:01
989, 2013-03-07 22:00:01
990, 2013-03-07 22:10:01
991, 2013-03-07 22:20:01
992, 2013-03-07 22:30:01
993, 2013-03-07 22:40:01
994, 2013-03-07 22:50:01
995, 2013-03-07 23:00:01
996, 2013-03-07 23:10:01
997, 2013-03-07 23:20:01
998, 2013-03-07 23:30:01
999, 2013-03-07 23:40:01
1000, 2013-03-07 23:50:01
1001, 2013-03-08 00:00:01
1002, 2013-03-08 00:10:01
1003, 2013-03-08 00:20:01
1004, 2013-03-08 00:30:01
1005, 2013-03-08 00:40:02
1006, 2013-03-08 00:50:01
1007, 2013-03-08 01:00:01
1008, 2013-03-08 01:10:01
1009, 2013-03-08 01:20:01
1010, 2013-03-08 01:30:01
1011, 2013-03-08 01:40:02
1012, 2013-03-08 01:50:01
1013, 2013-03-08 02:00:01
1014, 2013-03-08 02:10:01
1015, 2013-03-08 02:20:01
1016, 2013-03-08 02:30:01
1017, 2013-03-08 02:40:01
1018, 2013-03-08 02:50:01
1019, 2013-03-08 03:00:01
1020, 2013-03-08 03:10:01
1021, 2013-03-08 03:20:01
1022, 2013-03-08 03:30:01
1023, 2013-03-08 03:40:01
1024, 2013-03-08 03:50:01
1025, 2013-03-08 04:00:01
1026, 2013-03-08 04:10:01
1027, 2013-03-08 04:20:01
1028, 2013-03-08 04:30:01
1029, 2013-03-08 04:40:01
1030, 2013-03-08 04:50:01
1031, 2013-03-08 05:00:01
1032, 2013-03-08 05:10:01
1033, 2013-03-08 05:20:01
1034, 2013-03-08 05:30:01
1035, 2013-03-08 05:40:01
1036, 2013-03-08 05:50:01
1037, 2013-03-08 06:00:01
1038, 2013-03-08 06:10:01
1039, 2013-03-08 06:20:01
1040, 2013-03-08 06:30:01
1041, 2013-03-08 06:40:01
1042, 2013-03-08 06:50:01
1043, 2013-03-08 07:00:01
1044, 2013-03-08 07:10:01
1045, 2013-03-08 07:20:01
1046, 2013-03-08 07:30:01
1047, 2013-03-08 07:40:01
1048, 2013-03-08 07:50:01
1049, 2013-03-08 08:00:01
1050, 2013-03-08 08:10:01
1051, 2013-03-08 08:20:01
1052, 2013-03-08 08:30:01
1053, 2013-03-08 08:40:01
1054, 2013-03-08 08:50:01
1055, 2013-03-08 09:00:01
1056, 2013-03-08 09:10:01
1057, 2013-03-08 09:20:01
1058, 2013-03-08 09:30:01
1059, 2013-03-08 09:40:01
1060, 2013-03-08 09:50:01
1061, 2013-03-08 10:00:01
1062, 2013-03-08 10:10:01
1063, 2013-03-08 10:20:01
1064, 2013-03-08 10:30:01
1065, 2013-03-08 10:40:01
1066, 2013-03-08 10:50:01
1067, 2013-03-08 11:00:01
1068, 2013-03-08 11:10:01
1069, 2013-03-08 11:20:01
1070, 2013-03-08 11:30:01
1071, 2013-03-08 11:40:01
1072, 2013-03-08 11:50:01
1073, 2013-03-08 12:00:01
1074, 2013-03-08 12:10:01
1075, 2013-03-08 12:20:01
1076, 2013-03-08 12:30:01
1077, 2013-03-08 12:40:01
1078, 2013-03-08 12:50:01
1079, 2013-03-08 13:00:01
1080, 2013-03-08 13:10:01
1081, 2013-03-08 13:20:01
1082, 2013-03-08 13:30:01
1083, 2013-03-08 13:40:01
1084, 2013-03-08 13:50:01
1085, 2013-03-08 14:00:01
1086, 2013-03-08 14:10:01
1087, 2013-03-08 14:20:01
1088, 2013-03-08 14:30:01
1089, 2013-03-08 14:40:01
1090, 2013-03-08 14:50:02
1091, 2013-03-08 15:00:01
1092, 2013-03-08 15:10:01
1093, 2013-03-08 15:20:01
1094, 2013-03-08 15:30:01
1095, 2013-03-08 15:40:01
1096, 2013-03-08 15:50:01
1097, 2013-03-08 16:00:01
1098, 2013-03-08 16:10:01
1099, 2013-03-08 16:20:01
1100, 2013-03-08 16:30:01
1101, 2013-03-08 16:40:01
1102, 2013-03-08 16:50:01
1103, 2013-03-08 17:00:01
1104, 2013-03-08 17:10:01
1105, 2013-03-08 17:20:01
1106, 2013-03-08 17:30:01
1107, 2013-03-08 17:40:01
1108, 2013-03-08 17:50:01
1109, 2013-03-08 18:00:01
1110, 2013-03-08 18:10:01
1111, 2013-03-08 18:20:01
1112, 2013-03-08 18:30:01
1113, 2013-03-08 18:40:01
1114, 2013-03-08 18:50:01
1115, 2013-03-08 19:00:01
1116, 2013-03-08 19:10:01
1117, 2013-03-08 19:20:01
1118, 2013-03-08 19:30:02
1119, 2013-03-08 19:40:01
1120, 2013-03-08 19:50:01
1121, 2013-03-08 20:00:01
1122, 2013-03-08 20:10:01
1123, 2013-03-08 20:20:01
1124, 2013-03-08 20:30:01
1125, 2013-03-08 20:40:01
1126, 2013-03-08 20:50:01
1127, 2013-03-08 21:00:01
1128, 2013-03-08 21:10:01
1129, 2013-03-08 21:20:01
1130, 2013-03-08 21:30:01
1131, 2013-03-08 21:40:01
1132, 2013-03-08 21:50:01
1133, 2013-03-08 22:00:01
1134, 2013-03-08 22:10:01
1135, 2013-03-08 22:20:01
1136, 2013-03-08 22:30:01
1137, 2013-03-08 22:40:01
1138, 2013-03-08 22:50:01
1139, 2013-03-08 23:00:01
1140, 2013-03-08 23:10:01
1141, 2013-03-08 23:20:01
1142, 2013-03-08 23:30:01
1143, 2013-03-08 23:40:01
1144, 2013-03-08 23:50:01
1145, 2013-03-09 00:00:01
1146, 2013-03-09 00:10:01
1147, 2013-03-09 00:20:01
1148, 2013-03-09 00:30:01
1149, 2013-03-09 00:40:01
1150, 2013-03-09 00:50:01
1151, 2013-03-09 01:00:01
1152, 2013-03-09 01:10:01
1153, 2013-03-09 01:20:01
1154, 2013-03-09 01:30:01
1155, 2013-03-09 01:40:01
1156, 2013-03-09 01:50:01
1157, 2013-03-09 02:00:01
1158, 2013-03-09 02:10:01
1159, 2013-03-09 02:20:01
1160, 2013-03-09 02:30:01
1161, 2013-03-09 02:40:01
1162, 2013-03-09 02:50:01
1163, 2013-03-09 03:00:01
1164, 2013-03-09 03:10:01
1165, 2013-03-09 03:20:01
1166, 2013-03-09 03:30:01
1167, 2013-03-09 03:40:01
1168, 2013-03-09 03:50:01
1169, 2013-03-09 04:00:01
1170, 2013-03-09 04:10:01
1171, 2013-03-09 04:20:01
1172, 2013-03-09 04:30:01
1173, 2013-03-09 04:40:01
1174, 2013-03-09 04:50:01
1175, 2013-03-09 05:00:01
1176, 2013-03-09 05:10:02
1177, 2013-03-09 05:20:01
1178, 2013-03-09 05:30:01
1179, 2013-03-09 05:40:01
1180, 2013-03-09 05:50:01
1181, 2013-03-09 06:00:01
1182, 2013-03-09 06:10:01
1183, 2013-03-09 06:20:01
1184, 2013-03-09 06:30:01
1185, 2013-03-09 06:40:01
1186, 2013-03-09 06:50:01
1187, 2013-03-09 07:00:01
1188, 2013-03-09 07:10:01
1189, 2013-03-09 07:20:01
1190, 2013-03-09 07:30:01
1191, 2013-03-09 07:40:01
1192, 2013-03-09 07:50:01
1193, 2013-03-09 08:00:01
1194, 2013-03-09 08:10:01
1195, 2013-03-09 08:20:01
1196, 2013-03-09 08:30:01
1197, 2013-03-09 08:40:01
1198, 2013-03-09 08:50:01
1199, 2013-03-09 09:00:01
1200, 2013-03-09 09:10:01
1201, 2013-03-09 09:20:01
1202, 2013-03-09 09:30:01
1203, 2013-03-09 09:40:01
1204, 2013-03-09 09:50:01
1205, 2013-03-09 10:00:01
1206, 2013-03-09 10:10:01
1207, 2013-03-09 10:20:01
1208, 2013-03-09 10:30:01
1209, 2013-03-09 10:40:01
1210, 2013-03-09 10:50:01
1211, 2013-03-09 11:00:01
1212, 2013-03-09 11:10:01
1213, 2013-03-09 11:20:01
1214, 2013-03-09 11:30:01
1215, 2013-03-09 11:40:01
1216, 2013-03-09 11:50:02
1217, 2013-03-09 12:00:01
1218, 2013-03-09 12:10:01
1219, 2013-03-09 12:20:01
1220, 2013-03-09 12:30:01
1221, 2013-03-09 12:40:01
1222, 2013-03-09 12:50:01
1223, 2013-03-09 13:00:01
1224, 2013-03-09 13:10:01
1225, 2013-03-09 13:20:01
1226, 2013-03-09 13:30:01
1227, 2013-03-09 13:40:01
1228, 2013-03-09 13:50:01
1229, 2013-03-09 14:00:02
1230, 2013-03-09 14:10:01
1231, 2013-03-09 14:20:01
1232, 2013-03-09 14:30:01
1233, 2013-03-09 14:40:01
1234, 2013-03-09 14:50:02
1235, 2013-03-09 15:00:01
1236, 2013-03-09 15:10:01
1237, 2013-03-09 15:20:01
1238, 2013-03-09 15:30:02
1239, 2013-03-09 15:40:01
1240, 2013-03-09 15:50:01
1241, 2013-03-09 16:00:01
1242, 2013-03-09 16:10:01
1243, 2013-03-09 16:20:01
1244, 2013-03-09 16:30:01
1245, 2013-03-09 16:40:01
1246, 2013-03-09 16:50:01
1247, 2013-03-09 17:00:01
1248, 2013-03-09 17:10:01
1249, 2013-03-09 17:20:01
1250, 2013-03-09 17:30:01
1251, 2013-03-09 17:40:01
1252, 2013-03-09 17:50:01
1253, 2013-03-09 18:00:01
1254, 2013-03-09 18:10:01
1255, 2013-03-09 18:20:01
1256, 2013-03-09 18:30:01
1257, 2013-03-09 18:40:01
1258, 2013-03-09 18:50:01
1259, 2013-03-09 19:00:01
1260, 2013-03-09 19:10:01
1261, 2013-03-09 19:20:01
1262, 2013-03-09 19:30:01
1263, 2013-03-09 19:40:01
1264, 2013-03-09 19:50:01
1265, 2013-03-09 20:00:01
1266, 2013-03-09 20:10:01
1267, 2013-03-09 20:20:01
1268, 2013-03-09 20:30:01
1269, 2013-03-09 20:40:01
1270, 2013-03-09 20:50:01
1271, 2013-03-09 21:00:01
1272, 2013-03-09 21:10:01
1273, 2013-03-09 21:20:01
1274, 2013-03-09 21:30:01
1275, 2013-03-09 21:40:01
1276, 2013-03-09 21:50:01
1277, 2013-03-09 22:00:01
1278, 2013-03-09 22:10:01
1279, 2013-03-09 22:20:01
1280, 2013-03-09 22:30:01
1281, 2013-03-09 22:40:01
1282, 2013-03-09 22:50:01
1283, 2013-03-09 23:00:01
1284, 2013-03-09 23:10:01
1285, 2013-03-09 23:20:01
1286, 2013-03-09 23:30:01
1287, 2013-03-09 23:40:01
1288, 2013-03-09 23:50:01
1289, 2013-03-10 00:00:01
1290, 2013-03-10 00:10:01
1291, 2013-03-10 00:20:01
1292, 2013-03-10 00:30:01
1293, 2013-03-10 00:40:01
1294, 2013-03-10 00:50:01
1295, 2013-03-10 01:00:01
1296, 2013-03-10 01:10:01
1297, 2013-03-10 01:20:01
1298, 2013-03-10 01:30:01
1299, 2013-03-10 01:40:01
1300, 2013-03-10 01:50:01
1301, 2013-03-10 03:00:01
1302, 2013-03-10 03:10:01
1303, 2013-03-10 03:20:01
1304, 2013-03-10 03:30:01
1305, 2013-03-10 03:40:01
1306, 2013-03-10 03:50:01
1307, 2013-03-10 04:00:01
1308, 2013-03-10 04:10:01
1309, 2013-03-10 04:20:01
1310, 2013-03-10 04:30:01
1311, 2013-03-10 04:40:01
1312, 2013-03-10 04:50:02
1313, 2013-03-10 05:00:01
1314, 2013-03-10 05:10:01
1315, 2013-03-10 05:20:01
1316, 2013-03-10 05:30:01
1317, 2013-03-10 05:40:01
1318, 2013-03-10 05:50:01
1319, 2013-03-10 06:00:01
1320, 2013-03-10 06:10:01
1321, 2013-03-10 06:20:01
1322, 2013-03-10 06:30:01
1323, 2013-03-10 06:40:01
1324, 2013-03-10 06:50:01
1325, 2013-03-10 07:00:01
1326, 2013-03-10 07:10:01
1327, 2013-03-10 07:20:01
1328, 2013-03-10 07:30:01
1329, 2013-03-10 07:40:01
1330, 2013-03-10 07:50:01
1331, 2013-03-10 08:00:01
1332, 2013-03-10 08:10:01
1333, 2013-03-10 08:20:01
1334, 2013-03-10 08:30:01
1335, 2013-03-10 08:40:02
1336, 2013-03-10 08:50:02
1337, 2013-03-10 09:00:01
1338, 2013-03-10 09:10:01
1339, 2013-03-10 09:20:01
1340, 2013-03-10 09:30:01
1341, 2013-03-10 09:40:02
1342, 2013-03-10 09:50:01
1343, 2013-03-10 10:00:01
1344, 2013-03-10 10:10:01
1345, 2013-03-10 10:20:01
1346, 2013-03-10 10:30:01
1347, 2013-03-10 10:40:01
1348, 2013-03-10 10:50:01
1349, 2013-03-10 11:00:01
1350, 2013-03-10 11:10:01
1351, 2013-03-10 11:20:01
1352, 2013-03-10 11:30:02
1353, 2013-03-10 11:40:01
1354, 2013-03-10 11:50:01
1355, 2013-03-10 12:00:01
1356, 2013-03-10 12:10:01
1357, 2013-03-10 12:20:01
1358, 2013-03-10 12:30:01
1359, 2013-03-10 12:40:01
1360, 2013-03-10 12:50:01
1361, 2013-03-10 13:00:01
1362, 2013-03-10 13:10:01
1363, 2013-03-10 13:20:01
1364, 2013-03-10 13:30:02
1365, 2013-03-10 13:40:01
1366, 2013-03-10 13:50:01
1367, 2013-03-10 14:00:01
1368, 2013-03-10 14:10:01
1369, 2013-03-10 14:20:01
1370, 2013-03-10 14:30:01
1371, 2013-03-10 14:40:01
1372, 2013-03-10 14:50:01
1373, 2013-03-10 15:00:01
1374, 2013-03-10 15:10:01
1375, 2013-03-10 15:20:01
1376, 2013-03-10 15:30:01
1377, 2013-03-10 15:40:01
1378, 2013-03-10 15:50:01
1379, 2013-03-10 16:00:01
1380, 2013-03-10 16:10:01
1381, 2013-03-10 16:20:01
1382, 2013-03-10 16:30:01
1383, 2013-03-10 16:40:01
1384, 2013-03-10 16:50:02
1385, 2013-03-10 17:00:01
1386, 2013-03-10 17:10:01
1387, 2013-03-10 17:20:01
1388, 2013-03-10 17:30:01
1389, 2013-03-10 17:40:01
1390, 2013-03-10 17:50:01
1391, 2013-03-10 18:00:01
1392, 2013-03-10 18:10:01
1393, 2013-03-10 18:20:01
1394, 2013-03-10 18:30:01
1395, 2013-03-10 18:40:01
1396, 2013-03-10 18:50:01
1397, 2013-03-10 19:00:01
1398, 2013-03-10 19:10:01
1399, 2013-03-10 19:20:01
1400, 2013-03-10 19:30:01
1401, 2013-03-10 19:40:01
1402, 2013-03-10 19:50:01
1403, 2013-03-10 20:00:01
1404, 2013-03-10 20:10:01
1405, 2013-03-10 20:20:01
1406, 2013-03-10 20:30:01
1407, 2013-03-10 20:40:01
1408, 2013-03-10 20:50:01
1409, 2013-03-10 21:00:01
1410, 2013-03-10 21:10:01
1411, 2013-03-10 21:20:01
1412, 2013-03-10 21:30:01
1413, 2013-03-10 21:40:01
1414, 2013-03-10 21:50:01
1415, 2013-03-10 22:00:01
1416, 2013-03-10 22:10:01
1417, 2013-03-10 22:20:01
1418, 2013-03-10 22:30:01
1419, 2013-03-10 22:40:01
1420, 2013-03-10 22:50:01
1421, 2013-03-10 23:00:01
1422, 2013-03-10 23:10:01
1423, 2013-03-10 23:20:01
1424, 2013-03-10 23:30:01
1425, 2013-03-10 23:40:01
1426, 2013-03-10 23:50:01
1427, 2013-03-11 00:00:01
1428, 2013-03-11 00:10:01
1429, 2013-03-11 00:20:01
1430, 2013-03-11 00:30:01
1431, 2013-03-11 00:40:01
1432, 2013-03-11 00:50:01
1433, 2013-03-11 01:00:01
1434, 2013-03-11 01:10:01
1435, 2013-03-11 01:20:01
1436, 2013-03-11 01:30:01
1437, 2013-03-11 01:40:01
1438, 2013-03-11 01:50:01
1439, 2013-03-11 02:00:01
1440, 2013-03-11 02:10:01
1441, 2013-03-11 02:20:01
1442, 2013-03-11 02:30:01
1443, 2013-03-11 02:40:01
1444, 2013-03-11 02:50:02
1445, 2013-03-11 03:00:01
1446, 2013-03-11 03:10:01
1447, 2013-03-11 03:20:01
1448, 2013-03-11 03:30:01
1449, 2013-03-11 03:40:01
1450, 2013-03-11 03:50:01
1451, 2013-03-11 04:00:02
1452, 2013-03-11 04:10:01
1453, 2013-03-11 04:20:01
1454, 2013-03-11 04:30:01
1455, 2013-03-11 04:40:01
1456, 2013-03-11 04:50:01
1457, 2013-03-11 05:00:01
1458, 2013-03-11 05:10:01
1459, 2013-03-11 05:20:01
1460, 2013-03-11 05:30:01
1461, 2013-03-11 05:40:01
1462, 2013-03-11 05:50:01
1463, 2013-03-11 06:00:01
1464, 2013-03-11 06:10:01
1465, 2013-03-11 06:20:01
1466, 2013-03-11 06:30:01
1467, 2013-03-11 06:40:01
1468, 2013-03-11 06:50:01
1469, 2013-03-11 07:00:01
1470, 2013-03-11 07:10:01
1471, 2013-03-11 07:20:01
1472, 2013-03-11 07:30:01
1473, 2013-03-11 07:40:01
1474, 2013-03-11 07:50:01
1475, 2013-03-11 08:00:01
1476, 2013-03-11 08:10:01
1477, 2013-03-11 08:20:01
1478, 2013-03-11 08:30:01
1479, 2013-03-11 08:40:01
1480, 2013-03-11 08:50:01
1481, 2013-03-11 09:00:01
1482, 2013-03-11 09:10:01
1483, 2013-03-11 09:20:01
1484, 2013-03-11 09:30:01
1485, 2013-03-11 09:40:01
1486, 2013-03-11 09:50:01
1487, 2013-03-11 10:00:01
1488, 2013-03-11 10:10:01
1489, 2013-03-11 10:20:01
1490, 2013-03-11 10:30:01
1491, 2013-03-11 10:40:01
1492, 2013-03-11 10:50:01
1493, 2013-03-11 11:00:01
1494, 2013-03-11 11:10:01
1495, 2013-03-11 11:20:01
1496, 2013-03-11 11:30:01
1497, 2013-03-11 11:40:01
1498, 2013-03-11 11:50:01
1499, 2013-03-11 12:00:01
1500, 2013-03-11 12:10:01
1501, 2013-03-11 12:20:01
1502, 2013-03-11 12:30:01
1503, 2013-03-11 12:40:01
1504, 2013-03-11 12:50:01
1505, 2013-03-11 13:00:02
1506, 2013-03-11 13:10:01
1507, 2013-03-11 13:20:01
1508, 2013-03-11 13:30:01
1509, 2013-03-11 13:40:01
1510, 2013-03-11 13:50:01
1511, 2013-03-11 14:00:01
1512, 2013-03-11 14:10:01
1513, 2013-03-11 14:20:01
1514, 2013-03-11 14:30:01
1515, 2013-03-11 14:40:01
1516, 2013-03-11 14:50:01
1517, 2013-03-11 15:00:01
1518, 2013-03-11 15:10:01
1519, 2013-03-11 15:20:01
1520, 2013-03-11 15:30:01
1521, 2013-03-11 15:40:01
1522, 2013-03-11 15:50:01
1523, 2013-03-11 16:00:01
1524, 2013-03-11 16:10:01
1525, 2013-03-11 16:20:02
1526, 2013-03-11 16:30:01
1527, 2013-03-11 16:40:01
1528, 2013-03-11 16:50:01
1529, 2013-03-11 17:00:01
1530, 2013-03-11 17:10:01
1531, 2013-03-11 17:20:01
1532, 2013-03-11 17:30:01
1533, 2013-03-11 17:40:01
1534, 2013-03-11 17:50:01
1535, 2013-03-11 18:00:01
1536, 2013-03-11 18:10:01
1537, 2013-03-11 18:20:01
1538, 2013-03-11 18:30:01
1539, 2013-03-11 18:40:01
1540, 2013-03-11 18:50:01
1541, 2013-03-11 19:00:01
1542, 2013-03-11 19:10:01
1543, 2013-03-11 19:20:01
1544, 2013-03-11 19:30:01
1545, 2013-03-11 19:40:01
1546, 2013-03-11 19:50:01
1547, 2013-03-11 20:00:01
1548, 2013-03-11 20:10:01
1549, 2013-03-11 20:20:01
1550, 2013-03-11 20:30:01
1551, 2013-03-11 20:40:01
1552, 2013-03-11 20:50:01
1553, 2013-03-11 21:00:01
1554, 2013-03-11 21:10:01
1555, 2013-03-11 21:20:01
1556, 2013-03-11 21:30:01
1557, 2013-03-11 21:40:01
1558, 2013-03-11 21:50:01
1559, 2013-03-11 22:00:02
1560, 2013-03-11 22:10:01
1561, 2013-03-11 22:20:02
1562, 2013-03-11 22:30:01
1563, 2013-03-11 22:40:01
1564, 2013-03-11 22:50:01
1565, 2013-03-11 23:00:01
1566, 2013-03-11 23:10:01
1567, 2013-03-11 23:20:01
1568, 2013-03-11 23:30:01
1569, 2013-03-11 23:40:01
1570, 2013-03-11 23:50:01
1571, 2013-03-12 00:00:01
1572, 2013-03-12 00:10:01
1573, 2013-03-12 00:20:01
1574, 2013-03-12 00:30:01
1575, 2013-03-12 00:40:01
1576, 2013-03-12 00:50:02
1577, 2013-03-12 01:00:01
1578, 2013-03-12 01:10:01
1579, 2013-03-12 01:20:01
1580, 2013-03-12 01:30:01
1581, 2013-03-12 01:40:01
1582, 2013-03-12 01:50:01
1583, 2013-03-12 02:00:01
1584, 2013-03-12 02:10:01
1585, 2013-03-12 02:20:01
1586, 2013-03-12 02:30:01
1587, 2013-03-12 02:40:01
1588, 2013-03-12 02:50:01
1589, 2013-03-12 03:00:01
1590, 2013-03-12 03:10:01
1591, 2013-03-12 03:20:01
1592, 2013-03-12 03:30:01
1593, 2013-03-12 03:40:01
1594, 2013-03-12 03:50:01
1595, 2013-03-12 04:00:01
1596, 2013-03-12 04:10:01
1597, 2013-03-12 04:20:01
1598, 2013-03-12 04:30:01
1599, 2013-03-12 04:40:02
1600, 2013-03-12 04:50:01
1601, 2013-03-12 05:00:01
1602, 2013-03-12 05:10:01
1603, 2013-03-12 05:20:01
1604, 2013-03-12 05:30:01
1605, 2013-03-12 05:40:01
1606, 2013-03-12 05:50:01
1607, 2013-03-12 06:00:01
1608, 2013-03-12 06:10:01
1609, 2013-03-12 06:20:01
1610, 2013-03-12 06:30:01
1611, 2013-03-12 06:40:01
1612, 2013-03-12 06:50:01
1613, 2013-03-12 07:00:01
1614, 2013-03-12 07:10:01
1615, 2013-03-12 07:20:01
1616, 2013-03-12 07:30:01
1617, 2013-03-12 07:40:01
1618, 2013-03-12 07:50:01
1619, 2013-03-12 08:00:01
1620, 2013-03-12 08:10:01
1621, 2013-03-12 08:20:01
1622, 2013-03-12 08:30:01
1623, 2013-03-12 08:40:01
1624, 2013-03-12 08:50:01
1625, 2013-03-12 09:00:01
1626, 2013-03-12 09:10:01
1627, 2013-03-12 09:20:01
1628, 2013-03-12 09:30:01
1629, 2013-03-12 09:40:01
1630, 2013-03-12 09:50:01
1631, 2013-03-12 10:00:01
1632, 2013-03-12 10:10:01
1633, 2013-03-12 10:20:01
1634, 2013-03-12 10:30:01
1635, 2013-03-12 10:40:01
1636, 2013-03-12 10:50:01
1637, 2013-03-12 11:00:01
1638, 2013-03-12 11:10:01
1639, 2013-03-12 11:20:01
1640, 2013-03-12 11:30:01
1641, 2013-03-12 11:40:01
1642, 2013-03-12 11:50:01
1643, 2013-03-12 12:00:01
1644, 2013-03-12 12:10:01
1645, 2013-03-12 12:20:01
1646, 2013-03-12 12:30:01
1647, 2013-03-12 12:40:01
1648, 2013-03-12 12:50:01
1649, 2013-03-12 13:00:01
1650, 2013-03-12 13:10:01
1651, 2013-03-12 13:20:01
1652, 2013-03-12 13:30:01
1653, 2013-03-12 13:40:02
1654, 2013-03-12 13:50:01
1655, 2013-03-12 14:00:01
1656, 2013-03-12 14:10:01
1657, 2013-03-12 14:20:01
1658, 2013-03-12 14:30:01
1659, 2013-03-12 14:40:01
1660, 2013-03-12 14:50:01
1661, 2013-03-12 15:00:01
1662, 2013-03-12 15:10:01
1663, 2013-03-12 15:20:01
1664, 2013-03-12 15:30:01
1665, 2013-03-12 15:40:02
1666, 2013-03-12 15:50:01
1667, 2013-03-12 16:00:01
1668, 2013-03-12 16:10:01
1669, 2013-03-12 16:20:01
1670, 2013-03-12 16:30:01
1671, 2013-03-12 16:40:01
1672, 2013-03-12 16:50:01
1673, 2013-03-12 17:00:01
1674, 2013-03-12 17:10:02
1675, 2013-03-12 17:20:01
1676, 2013-03-12 17:30:01
1677, 2013-03-12 17:40:01
1678, 2013-03-12 17:50:01
1679, 2013-03-12 18:00:01
1680, 2013-03-12 18:10:02
1681, 2013-03-12 18:20:01
1682, 2013-03-12 18:30:01
1683, 2013-03-12 18:40:01
1684, 2013-03-12 18:50:01
1685, 2013-03-12 19:00:01
1686, 2013-03-12 19:10:01
1687, 2013-03-12 19:20:01
1688, 2013-03-12 19:30:01
1689, 2013-03-12 19:40:01
1690, 2013-03-12 19:50:01
1691, 2013-03-12 20:00:01
1692, 2013-03-12 20:10:01
1693, 2013-03-12 20:20:01
1694, 2013-03-12 20:30:01
1695, 2013-03-12 20:40:01
1696, 2013-03-12 20:50:01
1697, 2013-03-12 21:00:01
1698, 2013-03-12 21:10:01
1699, 2013-03-12 21:20:01
1700, 2013-03-12 21:30:01
1701, 2013-03-12 21:40:01
1702, 2013-03-12 21:50:01
1703, 2013-03-12 22:00:01
1704, 2013-03-12 22:10:01
1705, 2013-03-12 22:20:01
1706, 2013-03-12 22:30:01
1707, 2013-03-12 22:40:01
1708, 2013-03-12 22:50:01
1709, 2013-03-12 23:00:01
1710, 2013-03-12 23:10:01
1711, 2013-03-12 23:20:01
1712, 2013-03-12 23:30:01
1713, 2013-03-12 23:40:01
1714, 2013-03-12 23:50:01
1715, 2013-03-13 00:00:01
1716, 2013-03-13 00:10:01
1717, 2013-03-13 00:20:01
1718, 2013-03-13 00:30:01
1719, 2013-03-13 00:40:01
1720, 2013-03-13 00:50:01
1721, 2013-03-13 01:00:01
1722, 2013-03-13 01:10:01
1723, 2013-03-13 01:20:01
1724, 2013-03-13 01:30:01
1725, 2013-03-13 01:40:01
1726, 2013-03-13 01:50:01
1727, 2013-03-13 02:00:01
1728, 2013-03-13 02:10:01
1729, 2013-03-13 02:20:01
1730, 2013-03-13 02:30:01
1731, 2013-03-13 02:40:01
1732, 2013-03-13 02:50:01
1733, 2013-03-13 03:00:02
1734, 2013-03-13 03:10:01
1735, 2013-03-13 03:20:01
1736, 2013-03-13 03:30:01
1737, 2013-03-13 03:40:01
1738, 2013-03-13 03:50:01
1739, 2013-03-13 04:00:01
1740, 2013-03-13 04:10:01
1741, 2013-03-13 04:20:01
1742, 2013-03-13 04:30:01
1743, 2013-03-13 04:40:01
1744, 2013-03-13 04:50:01
1745, 2013-03-13 05:00:01
1746, 2013-03-13 05:10:01
1747, 2013-03-13 05:20:01
1748, 2013-03-13 05:30:01
1749, 2013-03-13 05:40:01
1750, 2013-03-13 05:50:01
1751, 2013-03-13 06:00:01
1752, 2013-03-13 06:10:01
1753, 2013-03-13 06:20:01
1754, 2013-03-13 06:30:01
1755, 2013-03-13 06:40:01
1756, 2013-03-13 06:50:01
1757, 2013-03-13 07:00:01
1758, 2013-03-13 07:10:01
1759, 2013-03-13 07:20:01
1760, 2013-03-13 07:30:02
1761, 2013-03-13 07:40:01
1762, 2013-03-13 07:50:01
1763, 2013-03-13 08:00:01
1764, 2013-03-13 08:10:01
1765, 2013-03-13 08:20:01
1766, 2013-03-13 08:30:01
1767, 2013-03-13 08:40:01
1768, 2013-03-13 08:50:01
1769, 2013-03-13 09:00:01
1770, 2013-03-13 09:10:01
1771, 2013-03-13 09:20:01
1772, 2013-03-13 09:30:01
1773, 2013-03-13 09:40:01
1774, 2013-03-13 09:50:01
1775, 2013-03-13 10:00:01
1776, 2013-03-13 10:10:01
1777, 2013-03-13 10:20:01
1778, 2013-03-13 10:30:01
1779, 2013-03-13 10:40:01
1780, 2013-03-13 10:50:01
1781, 2013-03-13 11:00:01
1782, 2013-03-13 11:10:01
1783, 2013-03-13 11:20:01
1784, 2013-03-13 11:30:01
1785, 2013-03-13 11:40:01
1786, 2013-03-13 11:50:01
1787, 2013-03-13 12:00:01
1788, 2013-03-13 12:10:01
1789, 2013-03-13 12:20:01
1790, 2013-03-13 12:30:02
1791, 2013-03-13 12:40:01
1792, 2013-03-13 12:50:01
1793, 2013-03-13 13:00:01
1794, 2013-03-13 13:10:01
1795, 2013-03-13 13:20:01
1796, 2013-03-13 13:30:01
1797, 2013-03-13 13:40:01
1798, 2013-03-13 13:50:01
1799, 2013-03-13 14:00:01
1800, 2013-03-13 14:10:01
1801, 2013-03-13 14:20:01
1802, 2013-03-13 14:30:01
1803, 2013-03-13 14:40:01
1804, 2013-03-13 14:50:01
1805, 2013-03-13 15:00:01
1806, 2013-03-13 15:10:01
1807, 2013-03-13 15:20:01
1808, 2013-03-13 15:30:01
1809, 2013-03-13 15:40:01
1810, 2013-03-13 15:50:01
1811, 2013-03-13 16:00:01
1812, 2013-03-13 16:10:01
1813, 2013-03-13 16:20:01
1814, 2013-03-13 16:30:01
1815, 2013-03-13 16:40:01
1816, 2013-03-13 16:50:01
1817, 2013-03-13 17:00:01
1818, 2013-03-13 17:10:01
1819, 2013-03-13 17:20:01
1820, 2013-03-13 17:30:01
1821, 2013-03-13 17:40:01
1822, 2013-03-13 17:50:01
1823, 2013-03-13 18:00:01
1824, 2013-03-13 18:10:01
1825, 2013-03-13 18:20:01
1826, 2013-03-13 18:30:01
1827, 2013-03-13 18:40:01
1828, 2013-03-13 18:50:01
1829, 2013-03-13 19:00:01
1830, 2013-03-13 19:10:01
1831, 2013-03-13 19:20:01
1832, 2013-03-13 19:30:01
1833, 2013-03-13 19:40:01
1834, 2013-03-13 19:50:01
1835, 2013-03-13 20:00:01
1836, 2013-03-13 20:10:01
1837, 2013-03-13 20:20:01
1838, 2013-03-13 20:30:01
1839, 2013-03-13 20:40:01
1840, 2013-03-13 20:50:01
1841, 2013-03-13 21:00:01
1842, 2013-03-13 21:10:01
1843, 2013-03-13 21:20:01
1844, 2013-03-13 21:30:01
1845, 2013-03-13 21:40:01
1846, 2013-03-13 21:50:01
1847, 2013-03-13 22:00:01
1848, 2013-03-13 22:10:01
1849, 2013-03-13 22:20:01
1850, 2013-03-13 22:30:01
1851, 2013-03-13 22:40:01
1852, 2013-03-13 22:50:01
1853, 2013-03-13 23:00:01
1854, 2013-03-13 23:10:01
1855, 2013-03-13 23:20:01
1856, 2013-03-13 23:30:01
1857, 2013-03-13 23:40:01
1858, 2013-03-13 23:50:01
1859, 2013-03-14 00:00:01
1860, 2013-03-14 00:10:01
1861, 2013-03-14 00:20:01
1862, 2013-03-14 00:30:02
1863, 2013-03-14 00:40:01
1864, 2013-03-14 00:50:01
1865, 2013-03-14 01:00:01
1866, 2013-03-14 01:10:01
1867, 2013-03-14 01:20:01
1868, 2013-03-14 01:30:01
1869, 2013-03-14 01:40:01
1870, 2013-03-14 01:50:01
1871, 2013-03-14 02:00:01
1872, 2013-03-14 02:10:01
1873, 2013-03-14 02:20:01
1874, 2013-03-14 02:30:01
1875, 2013-03-14 02:40:01
1876, 2013-03-14 02:50:01
1877, 2013-03-14 03:00:01
1878, 2013-03-14 03:10:01
1879, 2013-03-14 03:20:01
1880, 2013-03-14 03:30:02
1881, 2013-03-14 03:40:01
1882, 2013-03-14 03:50:01
1883, 2013-03-14 04:00:01
1884, 2013-03-14 04:10:01
1885, 2013-03-14 04:20:01
1886, 2013-03-14 04:30:01
1887, 2013-03-14 04:40:01
1888, 2013-03-14 04:50:01
1889, 2013-03-14 05:00:01
1890, 2013-03-14 05:10:01
1891, 2013-03-14 05:20:01
1892, 2013-03-14 05:30:01
1893, 2013-03-14 05:40:01
1894, 2013-03-14 05:50:01
1895, 2013-03-14 06:00:02
1896, 2013-03-14 06:10:01
1897, 2013-03-14 06:20:01
1898, 2013-03-14 06:30:01
1899, 2013-03-14 06:40:01
1900, 2013-03-14 06:50:01
1901, 2013-03-14 07:00:01
1902, 2013-03-14 07:10:01
1903, 2013-03-14 07:20:01
1904, 2013-03-14 07:30:01
1905, 2013-03-14 07:40:01
1906, 2013-03-14 07:50:01
1907, 2013-03-14 08:00:01
1908, 2013-03-14 08:10:01
1909, 2013-03-14 08:20:01
1910, 2013-03-14 08:30:01
1911, 2013-03-14 08:40:01
1912, 2013-03-14 08:50:01
1913, 2013-03-14 09:00:01
1914, 2013-03-14 09:10:01
1915, 2013-03-14 09:20:01
1916, 2013-03-14 09:30:01
1917, 2013-03-14 09:40:01
1918, 2013-03-14 09:50:01
1919, 2013-03-14 10:00:02
1920, 2013-03-14 10:10:01
1921, 2013-03-14 10:20:01
1922, 2013-03-14 10:30:01
1923, 2013-03-14 10:40:01
1924, 2013-03-14 10:50:01
1925, 2013-03-14 11:00:01
1926, 2013-03-14 11:10:01
1927, 2013-03-14 11:20:01
1928, 2013-03-14 11:30:02
1929, 2013-03-14 11:40:01
1930, 2013-03-14 11:50:01
1931, 2013-03-14 12:00:01
1932, 2013-03-14 12:10:02
1933, 2013-03-14 12:20:01
1934, 2013-03-14 12:30:01
1935, 2013-03-14 12:40:01
1936, 2013-03-14 12:50:01
1937, 2013-03-14 13:00:01
1938, 2013-03-14 13:10:01
1939, 2013-03-14 13:20:01
1940, 2013-03-14 13:30:01
1941, 2013-03-14 13:40:01
1942, 2013-03-14 13:50:01
1943, 2013-03-14 14:00:01
1944, 2013-03-14 14:10:01
1945, 2013-03-14 14:20:01
1946, 2013-03-14 14:30:01
1947, 2013-03-14 14:40:02
1948, 2013-03-14 14:50:01
1949, 2013-03-14 15:00:01
1950, 2013-03-14 15:10:01
1951, 2013-03-14 15:20:01
1952, 2013-03-14 15:30:01
1953, 2013-03-14 15:40:02
1954, 2013-03-14 15:50:01
1955, 2013-03-14 16:00:01
1956, 2013-03-14 16:10:01
1957, 2013-03-14 16:20:01
1958, 2013-03-14 16:30:01
1959, 2013-03-14 16:40:01
1960, 2013-03-14 16:50:01
1961, 2013-03-14 17:00:01
1962, 2013-03-14 17:10:01
1963, 2013-03-14 17:20:01
1964, 2013-03-14 17:30:01
1965, 2013-03-14 17:40:01
1966, 2013-03-14 17:50:01
1967, 2013-03-14 18:00:01
1968, 2013-03-14 18:10:02
1969, 2013-03-14 18:20:01
1970, 2013-03-14 18:30:01
1971, 2013-03-14 18:40:01
1972, 2013-03-14 18:50:01
1973, 2013-03-14 19:00:01
1974, 2013-03-14 19:10:01
1975, 2013-03-14 19:20:01
1976, 2013-03-14 19:30:01
1977, 2013-03-14 19:40:01
1978, 2013-03-14 19:50:01
1979, 2013-03-14 20:00:01
1980, 2013-03-14 20:10:01
1981, 2013-03-14 20:20:01
1982, 2013-03-14 20:30:01
1983, 2013-03-14 20:40:01
1984, 2013-03-14 20:50:01
1985, 2013-03-14 21:00:01
1986, 2013-03-14 21:10:01
1987, 2013-03-14 21:20:01
1988, 2013-03-14 21:30:01
1989, 2013-03-14 21:40:01
1990, 2013-03-14 21:50:01
1991, 2013-03-14 22:00:01
1992, 2013-03-14 22:10:02
1993, 2013-03-14 22:20:01
1994, 2013-03-14 22:30:01
1995, 2013-03-14 22:40:01
1996, 2013-03-14 22:50:01
1997, 2013-03-14 23:00:02
1998, 2013-03-14 23:10:01
1999, 2013-03-14 23:20:01
2000, 2013-03-14 23:30:01
2001, 2013-03-14 23:40:01
2002, 2013-03-14 23:50:01
